{
  "schema_version": 1,
  "generated_at": "2026-04-26T21:43:08Z",
  "platform": {
    "system": "Windows",
    "release": "10",
    "python": "3.11.15",
    "machine": "AMD64"
  },
  "context": {
    "sequence_label": "SH0010_Rendered_RGB.####.exr",
    "frame_count": 90,
    "resolution": [
      3840,
      2160
    ],
    "channels": 4,
    "target_fps": 24.0,
    "cache_budget_bytes": 8589934592,
    "num_workers": 6,
    "passes_played": 3,
    "warmup_frames": 30
  },
  "tick": {
    "samples": 270,
    "effective_fps": 23.13978494623656,
    "cache_hit_rate": 0.7111111111111111,
    "inter_tick_ms": {
      "count": 269,
      "mean": 43.215613382899626,
      "p50": 46.999999962281436,
      "p95": 63.000000023748726,
      "p99": 93.31999999005347,
      "min": 14.999999955762178,
      "max": 94.0000000409782
    }
  },
  "paint": {
    "samples": 206,
    "effective_fps": 17.728963071919996,
    "upload_us": {
      "count": 206,
      "mean": 24252.427184391425,
      "p50": 16000.000003259629,
      "p95": 46749.99996495899,
      "p99": 61249.99997846299,
      "min": 0.0,
      "max": 63000.000023748726
    },
    "paint_us": {
      "count": 206,
      "mean": 25310.67961154424,
      "p50": 30999.999959021807,
      "p95": 47000.00000593718,
      "p99": 62950.00002137384,
      "min": 0.0,
      "max": 93999.99998277053
    },
    "inter_paint_ms": {
      "count": 205,
      "mean": 56.404878048612396,
      "p50": 46.999999962281436,
      "p95": 94.00000002933666,
      "p99": 521.6400000173617,
      "min": 30.999999959021807,
      "max": 813.0000000237487
    }
  },
  "decode": {
    "samples": 54,
    "decode_ms": {
      "count": 54,
      "mean": 1138.0555555558574,
      "p50": 1108.9999999967404,
      "p95": 1365.2499999909196,
      "p99": 1382.520000001532,
      "min": 968.9999999827705,
      "max": 1391.0000000032596
    },
    "total_bytes": 3583180800
  }
}