{
  "schema_version": 1,
  "generated_at": "2026-04-26T21:31:15Z",
  "platform": {
    "system": "Windows",
    "release": "10",
    "python": "3.11.15",
    "machine": "AMD64"
  },
  "context": {
    "sequence_label": "SH0010_Rendered_RGB.####.exr",
    "frame_count": 90,
    "resolution": [
      3840,
      2160
    ],
    "channels": 4,
    "target_fps": 24.0,
    "cache_budget_bytes": 8589934592,
    "num_workers": 6,
    "passes_played": 3,
    "warmup_frames": 30
  },
  "tick": {
    "samples": 270,
    "effective_fps": 18.14135419475612,
    "cache_hit_rate": 0.6148148148148148,
    "inter_tick_ms": {
      "count": 269,
      "mean": 55.12267657995768,
      "p50": 46.999999991385266,
      "p95": 118.99999999441198,
      "p99": 224.1200000036041,
      "min": 15.000000013969839,
      "max": 296.99999999138527
    }
  },
  "paint": {
    "samples": 175,
    "effective_fps": 12.144053601332732,
    "upload_us": {
      "count": 175,
      "mean": 31560.000001918525,
      "p50": 16000.000003259629,
      "p95": 77999.99998824205,
      "p99": 176160.00001376946,
      "min": 0.0,
      "max": 218999.99998277053
    },
    "paint_us": {
      "count": 175,
      "mean": 32542.857144560134,
      "p50": 16000.000003259629,
      "p95": 82800.0000008612,
      "p99": 184220.00001068183,
      "min": 14999.999984866008,
      "max": 234999.99998603016
    },
    "inter_paint_ms": {
      "count": 174,
      "mean": 82.3448275862564,
      "p50": 47.00000000593718,
      "p95": 203.00000000861473,
      "p99": 939.0099999899401,
      "min": 30.999999988125637,
      "max": 1203.9999999979045
    }
  },
  "decode": {
    "samples": 42,
    "decode_ms": {
      "count": 42,
      "mean": 1793.166666667925,
      "p50": 1781.4999999973224,
      "p95": 2092.299999993702,
      "p99": 2127.8800000125193,
      "min": 1592.9999999934807,
      "max": 2141.0000000032596
    },
    "total_bytes": 2786918400
  }
}