{
  "schema_version": 1,
  "generated_at": "2026-04-27T05:31:36Z",
  "platform": {
    "system": "Windows",
    "release": "10",
    "python": "3.11.15",
    "machine": "AMD64"
  },
  "context": {
    "sequence_label": "SH0010_Rendered_RGB.####.exr",
    "frame_count": 90,
    "resolution": [
      3840,
      2160
    ],
    "channels": 4,
    "target_fps": 24.0,
    "cache_budget_bytes": 6555280998,
    "num_workers": 8,
    "passes_played": 3,
    "warmup_frames": 30
  },
  "tick": {
    "samples": 270,
    "effective_fps": 19.949569860575444,
    "cache_hit_rate": 0.7777777777777778,
    "inter_tick_ms": {
      "count": 269,
      "mean": 50.126394052044745,
      "p50": 47.000000000025466,
      "p95": 92.99999999996052,
      "p99": 130.11999999998795,
      "min": 0.0,
      "max": 233.99999999998045
    }
  },
  "paint": {
    "samples": 217,
    "effective_fps": 16.112188572281063,
    "upload_us": {
      "count": 217,
      "mean": 23866.359447005536,
      "p50": 16000.000000076398,
      "p95": 34800.000000029584,
      "p99": 62000.00000001182,
      "min": 0.0,
      "max": 110000.00000001365
    },
    "paint_us": {
      "count": 217,
      "mean": 24815.668202765457,
      "p50": 30999.99999994907,
      "p95": 46999.99999992315,
      "p99": 62839.99999999196,
      "min": 0.0,
      "max": 110000.00000001365
    },
    "inter_paint_ms": {
      "count": 216,
      "mean": 62.06481481481484,
      "p50": 47.000000000025466,
      "p95": 113.75000000001023,
      "p99": 365.55000000000126,
      "min": 14.999999999985448,
      "max": 812.9999999999882
    }
  },
  "decode": {
    "samples": 51,
    "decode_ms": {
      "count": 51,
      "mean": 1407.7647058823495,
      "p50": 1375.0,
      "p95": 1648.499999999956,
      "p99": 1656.0000000000628,
      "min": 1092.999999999961,
      "max": 1656.0000000000628
    },
    "total_bytes": 3384115200
  }
}