{
  "schema_version": 1,
  "generated_at": "2026-04-26T12:09:04Z",
  "platform": {
    "system": "Windows",
    "release": "10",
    "python": "3.11.15",
    "machine": "AMD64"
  },
  "context": {
    "sequence_label": "SH0010_Rendered_RGB.####.exr",
    "frame_count": 90,
    "resolution": [
      3840,
      2160
    ],
    "channels": 4,
    "target_fps": 24.0,
    "cache_budget_bytes": 8589934592,
    "num_workers": 6,
    "passes_played": 3,
    "warmup_frames": 30
  },
  "tick": {
    "samples": 270,
    "effective_fps": 12.358724616372312,
    "cache_hit_rate": 0.7148148148148148,
    "inter_tick_ms": {
      "count": 269,
      "mean": 80.91449814127606,
      "p50": 77.9999999795109,
      "p95": 187.59999999892898,
      "p99": 286.80000000167627,
      "min": 0.0,
      "max": 375.0
    }
  },
  "paint": {
    "samples": 201,
    "effective_fps": 9.234889412196509,
    "upload_us": {
      "count": 201,
      "mean": 50368.15920577093,
      "p50": 46999.999991385266,
      "p95": 108999.99999674037,
      "p99": 218999.99998277053,
      "min": 14999.999984866008,
      "max": 235000.000015134
    },
    "paint_us": {
      "count": 201,
      "mean": 53174.12935465514,
      "p50": 46999.999991385266,
      "p95": 109999.99998603016,
      "p99": 218999.99998277053,
      "min": 14999.999984866008,
      "max": 235000.000015134
    },
    "inter_paint_ms": {
      "count": 200,
      "mean": 108.2850000000326,
      "p50": 78.99999999790452,
      "p95": 281.79999998828833,
      "p99": 610.9299999859642,
      "min": 30.999999988125637,
      "max": 1217.9999999934807
    }
  },
  "decode": {
    "samples": 54,
    "decode_ms": {
      "count": 54,
      "mean": 1866.314814814595,
      "p50": 1858.9999999967404,
      "p95": 1984.3499999929918,
      "p99": 2184.730000001727,
      "min": 1717.9999999934807,
      "max": 2375.0
    },
    "total_bytes": 3583180800
  }
}