{
  "schema_version": 1,
  "generated_at": "2026-04-26T12:27:19Z",
  "platform": {
    "system": "Windows",
    "release": "10",
    "python": "3.11.15",
    "machine": "AMD64"
  },
  "context": {
    "sequence_label": "SH0010_Rendered_RGB.####.exr",
    "frame_count": 90,
    "resolution": [
      3840,
      2160
    ],
    "channels": 4,
    "target_fps": 24.0,
    "cache_budget_bytes": 8589934592,
    "num_workers": 6,
    "passes_played": 3,
    "warmup_frames": 30
  },
  "tick": {
    "samples": 270,
    "effective_fps": 17.6208568059703,
    "cache_hit_rate": 0.6222222222222222,
    "inter_tick_ms": {
      "count": 269,
      "mean": 56.75092936804186,
      "p50": 62.000000005355105,
      "p95": 78.99999999790452,
      "p99": 98.80000000703139,
      "min": 0.0,
      "max": 109.99999998603016
    }
  },
  "paint": {
    "samples": 175,
    "effective_fps": 11.445109517851833,
    "upload_us": {
      "count": 175,
      "mean": 30102.857145580598,
      "p50": 31000.000017229468,
      "p95": 46999.999991385266,
      "p99": 47000.0000204891,
      "min": 14999.999984866008,
      "max": 47000.0000204891
    },
    "paint_us": {
      "count": 175,
      "mean": 31365.714288050574,
      "p50": 31000.000017229468,
      "p95": 46999.999991385266,
      "p99": 50900.00001655412,
      "min": 14999.999984866008,
      "max": 62999.999994644895
    },
    "inter_paint_ms": {
      "count": 174,
      "mean": 87.37356321844031,
      "p50": 62.999999994644895,
      "p95": 115.24999999091952,
      "p99": 842.4399999997713,
      "min": 46.000000002095476,
      "max": 1250.0
    }
  },
  "decode": {
    "samples": 43,
    "decode_ms": {
      "count": 43,
      "mean": 1741.9999999997237,
      "p50": 1796.9999999913853,
      "p95": 1966.4999999949941,
      "p99": 1968.9999999996508,
      "min": 1483.9999999967404,
      "max": 1969.0000000118744
    },
    "total_bytes": 2853273600
  }
}