{
  "schema_version": 1,
  "generated_at": "2026-04-26T12:30:21Z",
  "platform": {
    "system": "Windows",
    "release": "10",
    "python": "3.11.15",
    "machine": "AMD64"
  },
  "context": {
    "sequence_label": "SH0010_Rendered_RGB.####.exr",
    "frame_count": 90,
    "resolution": [
      3840,
      2160
    ],
    "channels": 4,
    "target_fps": 24.0,
    "cache_budget_bytes": 2147483648,
    "num_workers": 6,
    "passes_played": 3,
    "warmup_frames": 25
  },
  "tick": {
    "samples": 270,
    "effective_fps": 18.816452154446036,
    "cache_hit_rate": 0.37777777777777777,
    "inter_tick_ms": {
      "count": 269,
      "mean": 53.1449814126472,
      "p50": 46.999999991385266,
      "p95": 94.00000000023283,
      "p99": 114.79999999050041,
      "min": 0.0,
      "max": 203.00000000861473
    }
  },
  "paint": {
    "samples": 106,
    "effective_fps": 8.36853431099642,
    "upload_us": {
      "count": 106,
      "mean": 30858.490569132628,
      "p50": 31000.000017229468,
      "p95": 47000.0000204891,
      "p99": 61250.00000611185,
      "min": 14999.999984866008,
      "max": 78000.00000861473
    },
    "paint_us": {
      "count": 106,
      "mean": 33235.849059496584,
      "p50": 31000.000017229468,
      "p95": 58250.0000091386,
      "p99": 92449.99998336434,
      "min": 14999.999984866008,
      "max": 141000.00000325963
    },
    "inter_paint_ms": {
      "count": 105,
      "mean": 119.49523809515605,
      "p50": 62.999999994644895,
      "p95": 366.0000000032593,
      "p99": 1071.7600000090888,
      "min": 46.000000002095476,
      "max": 1765.0000000139698
    }
  },
  "decode": {
    "samples": 44,
    "decode_ms": {
      "count": 44,
      "mean": 1805.7954545438406,
      "p50": 1781.4999999973224,
      "p95": 2265.0000000096043,
      "p99": 2290.1199999899836,
      "min": 1515.0000000139698,
      "max": 2296.9999999913853
    },
    "total_bytes": 2919628800
  }
}