{
  "schema_version": 1,
  "generated_at": "2026-04-26T12:16:59Z",
  "platform": {
    "system": "Windows",
    "release": "10",
    "python": "3.11.15",
    "machine": "AMD64"
  },
  "context": {
    "sequence_label": "SH0010_Rendered_RGB.####.exr",
    "frame_count": 90,
    "resolution": [
      3840,
      2160
    ],
    "channels": 4,
    "target_fps": 24.0,
    "cache_budget_bytes": 8589934592,
    "num_workers": 6,
    "passes_played": 3,
    "warmup_frames": 30
  },
  "tick": {
    "samples": 270,
    "effective_fps": 11.997145660516608,
    "cache_hit_rate": 0.7481481481481481,
    "inter_tick_ms": {
      "count": 269,
      "mean": 83.35315985126908,
      "p50": 78.00000000861473,
      "p95": 156.00000000558794,
      "p99": 306.91999999689847,
      "min": 0.0,
      "max": 469.00000001187436
    }
  },
  "paint": {
    "samples": 204,
    "effective_fps": 9.123595505617978,
    "upload_us": {
      "count": 204,
      "mean": 57225.4901959312,
      "p50": 46999.999991385266,
      "p95": 108999.99999674037,
      "p99": 250000.0,
      "min": 16000.000003259629,
      "max": 453000.00000861473
    },
    "paint_us": {
      "count": 204,
      "mean": 58294.11764687963,
      "p50": 46999.999991385266,
      "p95": 122599.99999951097,
      "p99": 250000.0,
      "min": 16000.000003259629,
      "max": 453000.00000861473
    },
    "inter_paint_ms": {
      "count": 203,
      "mean": 109.60591133004927,
      "p50": 93.99999998277053,
      "p95": 232.49999999825343,
      "p99": 545.7399999914917,
      "min": 31.000000017229468,
      "max": 734.9999999860302
    }
  },
  "decode": {
    "samples": 54,
    "decode_ms": {
      "count": 54,
      "mean": 1862.296296295999,
      "p50": 1851.5000000043074,
      "p95": 1990.2499999909196,
      "p99": 2214.7700000050822,
      "min": 1562.999999994645,
      "max": 2421.9999999913853
    },
    "total_bytes": 3583180800
  }
}