{
  "schema_version": 1,
  "generated_at": "2026-04-26T12:22:08Z",
  "platform": {
    "system": "Windows",
    "release": "10",
    "python": "3.11.15",
    "machine": "AMD64"
  },
  "context": {
    "sequence_label": "SH0010_Rendered_RGB.####.exr",
    "frame_count": 90,
    "resolution": [
      3840,
      2160
    ],
    "channels": 4,
    "target_fps": 24.0,
    "cache_budget_bytes": 8589934592,
    "num_workers": 6,
    "passes_played": 3,
    "warmup_frames": 30
  },
  "tick": {
    "samples": 270,
    "effective_fps": 12.762121643414464,
    "cache_hit_rate": 0.725925925925926,
    "inter_tick_ms": {
      "count": 269,
      "mean": 78.3568773234521,
      "p50": 78.00000000861473,
      "p95": 125.0,
      "p99": 212.95999998808784,
      "min": 0.0,
      "max": 469.00000001187436
    }
  },
  "paint": {
    "samples": 197,
    "effective_fps": 9.368577027865799,
    "upload_us": {
      "count": 197,
      "mean": 49086.29441586545,
      "p50": 46999.999991385266,
      "p95": 77999.99998533167,
      "p99": 189520.0000051404,
      "min": 14999.999984866008,
      "max": 437999.9999946449
    },
    "paint_us": {
      "count": 197,
      "mean": 50522.84263934217,
      "p50": 46999.999991385266,
      "p95": 78000.00000861473,
      "p99": 189520.0000051404,
      "min": 14999.999984866008,
      "max": 437999.9999946449
    },
    "inter_paint_ms": {
      "count": 196,
      "mean": 106.73979591837804,
      "p50": 93.99999998277053,
      "p95": 187.25000000267755,
      "p99": 500.0,
      "min": 30.999999988125637,
      "max": 1218.9999999827705
    }
  },
  "decode": {
    "samples": 54,
    "decode_ms": {
      "count": 54,
      "mean": 1978.5740740734143,
      "p50": 1929.4999999983702,
      "p95": 2274.5000000053537,
      "p99": 2819.520000006887,
      "min": 1640.0000000139698,
      "max": 2828.0000000086147
    },
    "total_bytes": 3583180800
  }
}