{
  "schema_version": 1,
  "generated_at": "2026-04-26T12:29:32Z",
  "platform": {
    "system": "Windows",
    "release": "10",
    "python": "3.11.15",
    "machine": "AMD64"
  },
  "context": {
    "sequence_label": "SH0010_Rendered_RGB.####.exr",
    "frame_count": 90,
    "resolution": [
      3840,
      2160
    ],
    "channels": 4,
    "target_fps": 24.0,
    "cache_budget_bytes": 8589934592,
    "num_workers": 6,
    "passes_played": 3,
    "warmup_frames": 30
  },
  "tick": {
    "samples": 270,
    "effective_fps": 15.075940144600027,
    "cache_hit_rate": 0.6222222222222222,
    "inter_tick_ms": {
      "count": 269,
      "mean": 66.33085501856313,
      "p50": 62.999999994644895,
      "p95": 125.0,
      "p99": 161.80000000167627,
      "min": 0.0,
      "max": 234.99999998603016
    }
  },
  "paint": {
    "samples": 167,
    "effective_fps": 9.614827686062304,
    "upload_us": {
      "count": 167,
      "mean": 36688.622754885575,
      "p50": 32000.000006519258,
      "p95": 47000.0000204891,
      "p99": 68099.9999993947,
      "min": 14999.999984866008,
      "max": 92999.99999348074
    },
    "paint_us": {
      "count": 167,
      "mean": 38095.80838389299,
      "p50": 32000.000006519258,
      "p95": 57500.00000989513,
      "p99": 73199.99999424918,
      "min": 14999.999984866008,
      "max": 109000.0000258442
    },
    "inter_paint_ms": {
      "count": 166,
      "mean": 104.0060240964697,
      "p50": 78.00000000861473,
      "p95": 156.00000001722947,
      "p99": 878.0000000086119,
      "min": 46.999999991385266,
      "max": 1344.0000000118744
    }
  },
  "decode": {
    "samples": 42,
    "decode_ms": {
      "count": 42,
      "mean": 2074.0476190465934,
      "p50": 1983.9999999967404,
      "p95": 2531.9500000070548,
      "p99": 2928.4600000156183,
      "min": 1608.9999999967404,
      "max": 3172.000000020489
    },
    "total_bytes": 2786918400
  }
}