{
  "schema_version": 1,
  "generated_at": "2026-04-26T12:22:56Z",
  "platform": {
    "system": "Windows",
    "release": "10",
    "python": "3.11.15",
    "machine": "AMD64"
  },
  "context": {
    "sequence_label": "SH0010_Rendered_RGB.####.exr",
    "frame_count": 90,
    "resolution": [
      3840,
      2160
    ],
    "channels": 4,
    "target_fps": 24.0,
    "cache_budget_bytes": 8589934592,
    "num_workers": 6,
    "passes_played": 3,
    "warmup_frames": 30
  },
  "tick": {
    "samples": 270,
    "effective_fps": 18.159724566265933,
    "cache_hit_rate": 0.6222222222222222,
    "inter_tick_ms": {
      "count": 269,
      "mean": 55.066914498121356,
      "p50": 62.000000005355105,
      "p95": 78.00000000861473,
      "p99": 109.0000000060536,
      "min": 0.0,
      "max": 155.99999998812564
    }
  },
  "paint": {
    "samples": 174,
    "effective_fps": 12.126734894151161,
    "upload_us": {
      "count": 174,
      "mean": 29701.14942514953,
      "p50": 30999.999988125637,
      "p95": 46999.999991385266,
      "p99": 47000.0000204891,
      "min": 14999.999984866008,
      "max": 47000.0000204891
    },
    "paint_us": {
      "count": 174,
      "mean": 30959.770114872947,
      "p50": 30999.999988125637,
      "p95": 46999.999991385266,
      "p99": 62000.000005355105,
      "min": 14999.999984866008,
      "max": 108999.99999674037
    },
    "inter_paint_ms": {
      "count": 173,
      "mean": 82.46242774568358,
      "p50": 62.999999994644895,
      "p95": 109.39999999245629,
      "p99": 919.1599999938626,
      "min": 46.000000002095476,
      "max": 1125.0
    }
  },
  "decode": {
    "samples": 42,
    "decode_ms": {
      "count": 42,
      "mean": 1701.26190476211,
      "p50": 1750.0,
      "p95": 1905.250000016531,
      "p99": 1955.87999999203,
      "min": 1437.000000005355,
      "max": 1968.9999999827705
    },
    "total_bytes": 2786918400
  }
}