{
  "schema_version": 2,
  "generated_at": "2026-04-27T06:49:26Z",
  "platform": {
    "system": "Windows",
    "release": "10",
    "python": "3.11.15",
    "machine": "AMD64"
  },
  "context": {
    "sequence_label": "SH0010_Rendered_RGB.####.exr",
    "frame_count": 90,
    "resolution": [
      3840,
      2160
    ],
    "channels": 4,
    "target_fps": 24.0,
    "cache_budget_bytes": 5097062400,
    "num_workers": 8,
    "passes_played": 3,
    "warmup_frames": 30
  },
  "tick": {
    "samples": 270,
    "effective_fps": 20.64149785144236,
    "cache_hit_rate": 0.7296296296296296,
    "inter_tick_ms": {
      "count": 269,
      "mean": 48.446096654275664,
      "p50": 47.000000000025466,
      "p95": 94.00000000005093,
      "p99": 140.31999999993786,
      "min": 0.0,
      "max": 157.0000000001528
    }
  },
  "paint": {
    "samples": 212,
    "effective_fps": 16.328741680854325,
    "upload_us": {
      "count": 212,
      "mean": 24608.49056605107,
      "p50": 16000.000000076398,
      "p95": 47000.000000025466,
      "p99": 77999.99999997453,
      "min": 0.0,
      "max": 94000.00000005093
    },
    "paint_us": {
      "count": 212,
      "mean": 26018.867924543676,
      "p50": 16000.000000076398,
      "p95": 53749.999999968,
      "p99": 91459.99999988342,
      "min": 0.0,
      "max": 94000.00000005093
    },
    "inter_paint_ms": {
      "count": 211,
      "mean": 61.241706161137564,
      "p50": 47.000000000025466,
      "p95": 133.0000000000382,
      "p99": 248.39999999999245,
      "min": 30.99999999994907,
      "max": 811.9999999998981
    },
    "upload_gpu_us": {
      "count": 209,
      "mean": 160293.80095692235,
      "p50": 113027.99999975832,
      "p95": 364382.56000010355,
      "p99": 962534.9240001522,
      "min": 85975.50000013143,
      "max": 996437.700000115
    },
    "upload_gpu_pending_count": 0
  },
  "decode": {
    "samples": 64,
    "decode_ms": {
      "count": 64,
      "mean": 1402.812499999996,
      "p50": 1360.0000000001273,
      "p95": 1750.0,
      "p99": 1766.0000000000764,
      "min": 1202.9999999999745,
      "max": 1766.0000000000764
    },
    "total_bytes": 4246732800
  }
}