{
  "schema_version": 1,
  "generated_at": "2026-04-27T05:41:58Z",
  "platform": {
    "system": "Windows",
    "release": "10",
    "python": "3.11.15",
    "machine": "AMD64"
  },
  "context": {
    "sequence_label": "SH0010_Rendered_RGB.####.exr",
    "frame_count": 90,
    "resolution": [
      3840,
      2160
    ],
    "channels": 4,
    "target_fps": 24.0,
    "cache_budget_bytes": 3808287129,
    "num_workers": 8,
    "passes_played": 3,
    "warmup_frames": 30
  },
  "tick": {
    "samples": 270,
    "effective_fps": 20.692307692307693,
    "cache_hit_rate": 0.6111111111111112,
    "inter_tick_ms": {
      "count": 269,
      "mean": 48.3271375464684,
      "p50": 47.000000000025466,
      "p95": 87.40000000002502,
      "p99": 129.8000000000319,
      "min": 15.000000000100044,
      "max": 171.0000000000491
    }
  },
  "paint": {
    "samples": 183,
    "effective_fps": 14.781125639568087,
    "upload_us": {
      "count": 183,
      "mean": 25120.218579219956,
      "p50": 30999.99999994907,
      "p95": 44600.00000003682,
      "p99": 62999.99999987449,
      "min": 15000.000000100044,
      "max": 77999.99999997453
    },
    "paint_us": {
      "count": 183,
      "mean": 27688.52459015155,
      "p50": 30999.99999994907,
      "p95": 47000.000000025466,
      "p99": 77999.99999997453,
      "min": 15000.000000100044,
      "max": 94000.00000005093
    },
    "inter_paint_ms": {
      "count": 182,
      "mean": 67.65384615384546,
      "p50": 47.000000000025466,
      "p95": 140.1999999998564,
      "p99": 578.8700000000491,
      "min": 30.99999999994907,
      "max": 875.0
    }
  },
  "decode": {
    "samples": 67,
    "decode_ms": {
      "count": 67,
      "mean": 1359.6119402985084,
      "p50": 1343.9999999998236,
      "p95": 1547.0000000000255,
      "p99": 1578.0000000000518,
      "min": 1155.999999999949,
      "max": 1578.000000000202
    },
    "total_bytes": 4445798400
  }
}