{
  "schema_version": 2,
  "generated_at": "2026-04-27T06:32:23Z",
  "platform": {
    "system": "Windows",
    "release": "10",
    "python": "3.11.15",
    "machine": "AMD64"
  },
  "context": {
    "sequence_label": "SH0010_Rendered_RGB.####.exr",
    "frame_count": 90,
    "resolution": [
      3840,
      2160
    ],
    "channels": 4,
    "target_fps": 24.0,
    "cache_budget_bytes": 4228485120,
    "num_workers": 8,
    "passes_played": 3,
    "warmup_frames": 30
  },
  "tick": {
    "samples": 270,
    "effective_fps": 18.836215951263682,
    "cache_hit_rate": 0.674074074074074,
    "inter_tick_ms": {
      "count": 269,
      "mean": 53.08921933085568,
      "p50": 47.000000000025466,
      "p95": 109.60000000000036,
      "p99": 171.32000000004155,
      "min": 0.0,
      "max": 187.0000000001255
    }
  },
  "paint": {
    "samples": 185,
    "effective_fps": 13.427716558417888,
    "upload_us": {
      "count": 185,
      "mean": 28832.432432425383,
      "p50": 30999.99999994907,
      "p95": 74999.99999999974,
      "p99": 93999.99999985994,
      "min": 15000.000000100044,
      "max": 109999.99999989996
    },
    "paint_us": {
      "count": 185,
      "mean": 31616.216216210934,
      "p50": 30999.99999994907,
      "p95": 77999.99999997453,
      "p99": 96560.00000002672,
      "min": 15000.000000100044,
      "max": 109999.99999989996
    },
    "inter_paint_ms": {
      "count": 184,
      "mean": 74.47282608695639,
      "p50": 47.000000000025466,
      "p95": 156.84999999992897,
      "p99": 459.8699999999469,
      "min": 30.99999999994907,
      "max": 827.9999999999745
    },
    "upload_gpu_us": {
      "count": 182,
      "mean": 195948.5417582433,
      "p50": 134613.09999991045,
      "p95": 468804.3850000894,
      "p99": 1035418.7510001108,
      "min": 92090.00000009837,
      "max": 1161288.0000000133
    },
    "upload_gpu_pending_count": 0
  },
  "decode": {
    "samples": 66,
    "decode_ms": {
      "count": 66,
      "mean": 1506.6363636363687,
      "p50": 1546.5000000000373,
      "p95": 1781.0000000001196,
      "p99": 1792.4999999999952,
      "min": 1187.9999999998745,
      "max": 1812.0000000001255
    },
    "total_bytes": 4379443200
  }
}