{
  "schema_version": 2,
  "generated_at": "2026-04-27T06:50:01Z",
  "platform": {
    "system": "Windows",
    "release": "10",
    "python": "3.11.15",
    "machine": "AMD64"
  },
  "context": {
    "sequence_label": "SH0010_Rendered_RGB.####.exr",
    "frame_count": 90,
    "resolution": [
      3840,
      2160
    ],
    "channels": 4,
    "target_fps": 24.0,
    "cache_budget_bytes": 4898183577,
    "num_workers": 8,
    "passes_played": 3,
    "warmup_frames": 30
  },
  "tick": {
    "samples": 270,
    "effective_fps": 20.04172254507521,
    "cache_hit_rate": 0.737037037037037,
    "inter_tick_ms": {
      "count": 269,
      "mean": 49.89591078066924,
      "p50": 47.000000000025466,
      "p95": 92.9999999998472,
      "p99": 141.0000000000764,
      "min": 0.0,
      "max": 188.00000000010186
    }
  },
  "paint": {
    "samples": 208,
    "effective_fps": 15.789473684210373,
    "upload_us": {
      "count": 208,
      "mean": 25514.42307691769,
      "p50": 16000.000000076398,
      "p95": 61999.99999989814,
      "p99": 77999.99999997453,
      "min": 0.0,
      "max": 77999.99999997453
    },
    "paint_us": {
      "count": 208,
      "mean": 27451.923076914507,
      "p50": 30999.99999994907,
      "p95": 63000.00000010186,
      "p99": 77999.99999997453,
      "min": 0.0,
      "max": 125000.0
    },
    "inter_paint_ms": {
      "count": 207,
      "mean": 63.33333333333395,
      "p50": 47.000000000025466,
      "p95": 140.70000000001528,
      "p99": 374.1000000000076,
      "min": 16.000000000076398,
      "max": 827.9999999999745
    },
    "upload_gpu_us": {
      "count": 205,
      "mean": 166431.07658537925,
      "p50": 115005.90000014199,
      "p95": 455552.24000017875,
      "p99": 945607.5680002163,
      "min": 83187.90000021181,
      "max": 986149.3000003066
    },
    "upload_gpu_pending_count": 0
  },
  "decode": {
    "samples": 65,
    "decode_ms": {
      "count": 65,
      "mean": 1420.3846153846055,
      "p50": 1389.9999999998727,
      "p95": 1859.8000000000866,
      "p99": 1902.160000000058,
      "min": 1047.0000000000255,
      "max": 1922.0000000000255
    },
    "total_bytes": 4313088000
  }
}