{
  "schema_version": 1,
  "generated_at": "2026-04-27T05:35:48Z",
  "platform": {
    "system": "Windows",
    "release": "10",
    "python": "3.11.15",
    "machine": "AMD64"
  },
  "context": {
    "sequence_label": "SH0010_Rendered_RGB.####.exr",
    "frame_count": 90,
    "resolution": [
      3840,
      2160
    ],
    "channels": 4,
    "target_fps": 24.0,
    "cache_budget_bytes": 6555280998,
    "num_workers": 8,
    "passes_played": 3,
    "warmup_frames": 30
  },
  "tick": {
    "samples": 270,
    "effective_fps": 21.494206951657837,
    "cache_hit_rate": 0.7481481481481481,
    "inter_tick_ms": {
      "count": 269,
      "mean": 46.52416356877361,
      "p50": 47.000000000025466,
      "p95": 77.99999999997453,
      "p99": 98.80000000004647,
      "min": 0.0,
      "max": 140.99999999996362
    }
  },
  "paint": {
    "samples": 219,
    "effective_fps": 17.59341457509488,
    "upload_us": {
      "count": 219,
      "mean": 23123.28767123531,
      "p50": 16000.000000076398,
      "p95": 33500.00000002629,
      "p99": 62819.999999992426,
      "min": 0.0,
      "max": 77999.99999997453
    },
    "paint_us": {
      "count": 219,
      "mean": 24123.287671235023,
      "p50": 16000.000000076398,
      "p95": 46999.99999991178,
      "p99": 62999.99999998818,
      "min": 0.0,
      "max": 93999.99999993725
    },
    "inter_paint_ms": {
      "count": 218,
      "mean": 56.83944954128424,
      "p50": 47.000000000025466,
      "p95": 125.0,
      "p99": 226.01000000003296,
      "min": 15.000000000100044,
      "max": 592.9999999999609
    }
  },
  "decode": {
    "samples": 50,
    "decode_ms": {
      "count": 50,
      "mean": 1449.0600000000018,
      "p50": 1452.9999999999745,
      "p95": 1728.8500000000395,
      "p99": 1757.649999999993,
      "min": 1125.0,
      "max": 1764.9999999999864
    },
    "total_bytes": 3317760000
  }
}