{
  "schema_version": 1,
  "generated_at": "2026-04-27T05:36:10Z",
  "platform": {
    "system": "Windows",
    "release": "10",
    "python": "3.11.15",
    "machine": "AMD64"
  },
  "context": {
    "sequence_label": "SH0010_Rendered_RGB.####.exr",
    "frame_count": 90,
    "resolution": [
      3840,
      2160
    ],
    "channels": 4,
    "target_fps": 24.0,
    "cache_budget_bytes": 6555280998,
    "num_workers": 8,
    "passes_played": 3,
    "warmup_frames": 30
  },
  "tick": {
    "samples": 270,
    "effective_fps": 21.412083101170122,
    "cache_hit_rate": 0.7481481481481481,
    "inter_tick_ms": {
      "count": 269,
      "mean": 46.70260223048323,
      "p50": 46.99999999991269,
      "p95": 87.40000000002448,
      "p99": 125.0,
      "min": 0.0,
      "max": 172.00000000002547
    }
  },
  "paint": {
    "samples": 219,
    "effective_fps": 17.616161616161616,
    "upload_us": {
      "count": 219,
      "mean": 21821.91780821864,
      "p50": 15999.99999996271,
      "p95": 47000.000000025466,
      "p99": 62000.00000001182,
      "min": 0.0,
      "max": 77999.99999997453
    },
    "paint_us": {
      "count": 219,
      "mean": 22255.707762556147,
      "p50": 15999.99999996271,
      "p95": 47000.000000025466,
      "p99": 62999.99999998818,
      "min": 0.0,
      "max": 77999.99999997453
    },
    "inter_paint_ms": {
      "count": 218,
      "mean": 56.76605504587156,
      "p50": 47.000000000025466,
      "p95": 94.00000000005093,
      "p99": 383.0099999999777,
      "min": 30.99999999994907,
      "max": 734.9999999999
    }
  },
  "decode": {
    "samples": 52,
    "decode_ms": {
      "count": 52,
      "mean": 1396.0192307692344,
      "p50": 1398.499999999956,
      "p95": 1734.9999999999511,
      "p99": 1757.8400000000374,
      "min": 952.9999999999745,
      "max": 1766.0000000000764
    },
    "total_bytes": 3450470400
  }
}