{
  "schema_version": 1,
  "generated_at": "2026-04-27T05:35:27Z",
  "platform": {
    "system": "Windows",
    "release": "10",
    "python": "3.11.15",
    "machine": "AMD64"
  },
  "context": {
    "sequence_label": "SH0010_Rendered_RGB.####.exr",
    "frame_count": 90,
    "resolution": [
      3840,
      2160
    ],
    "channels": 4,
    "target_fps": 24.0,
    "cache_budget_bytes": 6555280998,
    "num_workers": 8,
    "passes_played": 3,
    "warmup_frames": 30
  },
  "tick": {
    "samples": 270,
    "effective_fps": 21.279962028320607,
    "cache_hit_rate": 0.7777777777777778,
    "inter_tick_ms": {
      "count": 269,
      "mean": 46.99256505576194,
      "p50": 47.000000000025466,
      "p95": 78.00000000008822,
      "p99": 125.0,
      "min": 0.0,
      "max": 250.0
    }
  },
  "paint": {
    "samples": 221,
    "effective_fps": 17.468635858345174,
    "upload_us": {
      "count": 221,
      "mean": 22447.963800901947,
      "p50": 15999.99999996271,
      "p95": 47000.000000025466,
      "p99": 62999.99999998818,
      "min": 0.0,
      "max": 93999.99999993725
    },
    "paint_us": {
      "count": 221,
      "mean": 23787.330316739273,
      "p50": 15999.99999996271,
      "p95": 62000.00000001182,
      "p99": 93999.99999993725,
      "min": 0.0,
      "max": 125000.0
    },
    "inter_paint_ms": {
      "count": 220,
      "mean": 57.24545454545478,
      "p50": 47.000000000025466,
      "p95": 125.74999999999906,
      "p99": 429.42999999998705,
      "min": 15.99999999996362,
      "max": 577.9999999999745
    }
  },
  "decode": {
    "samples": 51,
    "decode_ms": {
      "count": 51,
      "mean": 1343.7254901960778,
      "p50": 1359.0000000000373,
      "p95": 1593.999999999994,
      "p99": 1617.0000000000186,
      "min": 1014.9999999999864,
      "max": 1625.0
    },
    "total_bytes": 3384115200
  }
}